{
  "num_images": 14,
  "distance_range_m": [
    -0.8,
    0.5
  ],
  "reference_map": {
    "-0.50": "-0.5m",
    "+0.00": "+0.0m"
  },
  "adjacent_feature_cosine": {
    "mean": 0.9882094264030457,
    "min": 0.9815962314605713,
    "min_pair": [
      "-0.3m",
      "-0.2m"
    ],
    "max": 0.9925558567047119,
    "max_pair": [
      "-0.4m",
      "-0.3m"
    ]
  },
  "adjacent_pixel_cosine": {
    "mean": 0.9911099672317505,
    "min": 0.9905274510383606,
    "max": 0.9916370511054993
  },
  "adjacent_feature_l2": {
    "mean": 5.2565693855285645,
    "min": 4.160747528076172,
    "max": 6.504727363586426
  }
}